"","Estimate_type","Value","mre","mare"
"1","Estimate","SPR",0.273989560004987,0.480619135564853
"2","Estimate","Depl",0.328304372805832,0.556648774673759
"3","Estimate","F",-0.360490404166959,0.552949689705296
"4","Estimate_at_mean","SPR",0.247782422573613,0.409658762357088
"5","Estimate_at_mean","Depl",0.330687281931092,0.568212737011497
"6","Estimate_at_mean","F",-0.321040657355988,0.539111418236451
"7","Stacked","SPR",0.155986603112048,0.430725589848722
"8","Stacked","Depl",0.160239544838097,0.45759592813295
"9","Stacked","F",-0.457859450892262,0.560911117844619
